len,uniqs
293,166
3554,398
50,44
934,262
228,112
6795,316
91,72
604,180
195,116
118,72
30,24
12054,687
286,102
480,186
1071,270
49,40
626,210
15135,643
61,49
1679,355
72,53
872,268
668,169
566,194
492,127
2629,326
2133,411
4456,366
8525,736
1091,195
37562,1230
22204,1060
1358,229
30257,1081
12941,590
218,76
209,48
10298,765
4128,346
5686,394
2776,381
196,98
42383,1330
486,103
9279,588
9044,339
2792,273
10511,477
6570,354
893,173
33734,1247
11936,550
449,206
18186,655
5793,434
689,145
76,53
490,172
172,85
11888,814
518,134
1741,352
9256,600
1239,193
3200,401
4398,523
9429,541
1703,131
2196,156
1582,126
39630,1269
46,13
2527,196
483,162
2889,299
63,43
809,140
366,73
2883,349
3515,141
1241,252
475,151
1043,226
11899,704
2867,201
10292,732
7799,620
225,143
48,38
2161,266
807,172
970,285
12044,877
21070,851
2799,312
2638,216
4953,502
2721,370
10927,508
15799,721
5822,416
3310,381
7810,490
2405,311
5943,321
11809,666
7824,396
7666,531
28415,1056
12821,906
415,183
35,21
479,231
802,226
185,139
14914,856
1284,341
1206,309
3246,410
477,82
4677,538
21601,1014
23,17
1969,319
980,242
104,80
13898,1019
15982,753
626,185
37889,1116
3051,453
3778,268
9480,493
47,46
23609,871
2559,394
489,151
6788,303
1437,236
8596,539
439,157
3479,481
10370,689
317,128
47,38
110,59
11141,321
11280,727
864,144
14212,896
30260,1294
3525,344
1142,228
2349,375
10140,758
387,147
3306,576
28451,805
271,174
4912,539
6274,402
1329,122
1845,370
1696,259
2633,300
9352,664
24537,1191
701,192
6975,459
10117,567
16591,1199
757,173
15617,763
112,93
227,147
308,98
57,47
79,64
9637,545
6807,479
2838,296
14632,642
2649,355
58,47
252,135
9143,496
17231,775
3188,438
6863,509
6831,422
7001,270
7504,482
366,79
337,157
12,10
10,9
6512,345
719,189
66,47
4808,504
5064,648
2331,374
4783,469
3284,321
3828,390
21423,802
547,222
5460,352
1639,280
4036,559
12585,1006
27291,792
5919,512
843,228
16557,796
596,93
447,118
1265,261
109,66
465,179
2506,319
71,44
4873,513
5478,402
257,119
2726,272
21,12
784,150
75,36
4495,485
4062,447
1879,234
455,166
5961,380
203,127
2824,260
14019,727
1695,190
3338,331
16427,826
648,225
156,104
870,149
8541,391
108,95
14,11
1935,385
37389,1453
3902,304
18,11
14059,751
195,122
12217,727
7219,486
9854,786
10404,433
1895,242
1198,210
53,43
15731,969
14,12
9393,687
1187,255
136,99
451,173
2253,409
2491,185
266,82
457,179
4230,418
282,135
812,112
2089,219
1910,312
101,50
6298,524
8675,665
7466,799
1323,284
170,79
1025,222
3854,254
4982,360
438,173
2079,395
7530,592
4185,310
260,98
508,178
1904,268
7510,552
3722,368
3951,285
228,119
5714,425
8278,698
24,20
2354,438
22348,994
7733,470
91,73
880,204
61,48
14252,609
443,188
9890,451
1045,209
8154,706
8458,705
4103,347
1911,370
7765,672
5182,554
3649,498
18333,1265
1735,295
359,147
6270,576
283,92
148,75
897,214
1175,235
3617,355
43,40
13635,794
101,61
298,136
2020,334
1090,199
1425,279
19152,932
5413,263
7790,516
339,147
1451,309
769,227
17919,897
714,254
10056,880
5844,491
9005,529
55,40
15370,784
8189,299
7245,552
1233,177
628,219
3459,417
1724,332
3468,503
5118,307
2337,234
2834,374
7240,692
3545,374
1288,374
12211,707
58396,987
3486,285
58,13
1324,220
3306,324
104,79
7047,554
1118,287
1503,272
1541,281
1859,303
7664,621
852,260
2273,349
2386,286
177,88
1606,251
195,93
12257,939
2208,358
16984,730
2314,434
2491,204
3345,373
3168,173
2204,256
11188,865
520,198
6563,431
210,130
4276,297
1277,194
600,186
64,60
373,191
1492,287
1821,366
1102,264
27075,1071
779,216
22911,1093
148,126
45,39
11620,809
15948,849
2044,358
239,143
353,154
345,184
3137,434
616,208
35730,1373
326,104
1337,216
1055,199
1925,210
173,69
1879,266
5000,515
202,113
3374,173
655,134
2529,355
277,127
1027,268
3179,543
8697,449
715,172
455,182
47,27
7658,386
3893,215
16025,769
1179,216
58,52
1331,190
10158,473
4557,408
75,57
2187,434
2799,277
1885,424
154,68
5757,401
7986,718
4842,387
1904,375
407,165
427,152
307,103
101,94
2262,220
14397,963
2470,401
888,265
1130,117
2505,223
45907,1561
1115,220
21,16
11487,755
8371,757
2762,434
7104,776
107,56
6508,521
7108,498
13602,734
3714,374
2305,309
6591,644
539,214
914,213
1156,268
13278,452
10527,661
948,268
3598,422
2449,319
12221,922
212,73
243,156
162,67
7875,531
2141,324
52,43
4881,319
49,44
11785,658
12463,619
10896,865
6175,541
1106,211
761,100
1723,324
13118,708
21253,1201
13369,541
230,116
5731,605
673,205
13250,1020
1289,256
3790,589
3175,302
38,29
74,45
302,163
925,204
10953,695
22358,1422
1549,330
14,9
1000,291
384,161
935,239
485,163
723,115
1641,172
1306,178
328,131
2748,367
4450,544
5169,381
7262,572
12137,837
393,137
597,164
624,177
274,102
36,33
22036,1283
2372,432
19002,959
1412,202
48,46
728,261
77,44
4343,451
4958,561
3691,261
2232,372
877,266
2880,248
4800,401
874,203
87390,2235
23851,1029
793,283
861,173
3436,377
17103,572
13363,541
316,131
2291,395
3631,424
2094,398
319,146
569,161
8670,747
1063,222
7011,531
14195,505
2099,391
25,18
19409,903
262,67
15880,678
3673,445
1736,233
4101,326
161,134
140,112
418,153
1115,273
3944,426
4512,506
1618,321
7637,611
42,37
17738,1160
114,87
161,66
5323,402
29957,1264
7129,385
7667,433
22120,1031
2584,370
4660,582
1354,290
84,63
5974,354
18,10
257,116
5824,583
13072,309
51908,1306
2879,289
277,142
1185,158
10306,726
2718,332
2706,442
49,42
3021,435
42630,1678
122,93
3983,220
2047,258
1613,139
7594,474
31038,977
1995,325
12503,327
74,46
2846,410
1548,223
14,11
42120,1672
221,146
132,58
11285,772
924,260
20704,1106
1222,341
10980,808
4242,547
618,188
4623,437
124,96
10795,818
32910,1356
3385,542
65,34
1745,357
4485,384
2210,184
5494,284
19836,501
895,206
2430,299
34379,1018
932,175
5199,616
5519,540
15973,487
1017,220
5171,459
204,86
4201,583
7350,505
16,13
6011,410
169,58
25485,1244
3565,542
11363,705
20804,874
44,39
142,64
161,112
5911,419
19975,743
1525,198
2022,368
36323,859
19368,880
19148,833
21225,829
1427,363
3937,414
440,172
1260,134
9715,773
668,174
4638,429
604,191
3747,264
992,282
1249,234
5315,314
8141,378
4401,252
3019,339
595,197
6380,528
14414,850
2659,394
246,144
1139,193
16260,584
3014,346
5977,324
5327,642
3270,466
980,236
1501,159
10159,502
710,132
237,128
30510,1599
1459,271
5943,385
493,186
1844,250
2350,334
16,9
100,64
523,213
3476,216
94895,1619
618,252
7523,444
1449,136
20553,466
3036,230
1069,126
4728,635
749,164
129,100
22971,761
31,24
42579,1487
1207,209
2633,376
7651,565
436,86
6869,463
799,130
22398,482
239,79
37733,1158
1236,224
1274,238
14026,794
459,181
16,11
539,209
8043,697
1355,219
614,146
16,7
15422,949
338,143
5045,495
60,35
2658,355
1319,200
69,34
3057,327
5797,592
3818,512
738,172
5125,487
12497,1001
1452,276
234,130
18461,881
155,81
2668,314
13445,924
32764,1106
628,117
28,11
1141,242
216,118
1081,215
6969,490
2274,210
1145,249
7881,478
322,109
228,130
486,156
9976,407
709,190
950,263
3070,278
18067,715
5574,450
228,98
4987,288
4829,383
791,217
5447,597
4169,413
161,97
2408,204
1583,142
1215,386
28,18
17891,1236
1480,334
2427,281
47,39
2040,249
302,108
12034,789
12293,563
226,135
1220,255
8379,549
857,149
13396,543
468,168
127,74
828,238
220,153
21518,1105
5910,465
6095,557
16675,700
58,34
116,101
1805,331
3520,403
559,207
393,111
1716,200
829,148
67,46
266,134
1793,228
743,222
3010,402
1085,279
1061,257
5793,505
528,198
8118,802
265,161
8450,346
962,238
15653,1040
1377,362
431,108
1751,198
7996,579
2365,240
3565,537
22,12
34368,992
10067,779
1624,258
403,131
3030,311
1481,280
717,152
12434,411
1520,385
31997,851
2010,136
4770,420
4140,386
30378,1296
12360,500
17462,660
783,216
5400,423
81,58
570,182
43,32
5924,544
61045,1756
16090,684
469,144
4787,251
10057,536
10,9
591,180
11564,557
48,31
22474,849
1242,293
2994,185
2792,326
879,214
9255,463
16330,976
8313,837
268,144
3827,400
18663,855
1320,289
21008,1038
2045,368
587,148
1307,274
2291,294
122,107
3623,320
10974,591
11330,777
2990,601
784,211
37,30
1027,207
1657,328
1261,345
47407,1444
14319,890
16289,836
222,119
816,181
14225,679
2532,304
1134,247
442,177
11309,689
2127,303
1616,373
6766,478
2918,282
256,85
3498,399
3963,321
526,151
11525,793
1177,303
14393,760
24274,1144
4908,421
669,173
371,110
53170,2156
2092,225
4475,418
5504,432
11440,654
2546,456
31972,679
3041,365
189,126
12854,493
10163,677
848,238
732,197
13745,525
580,159
19257,757
633,224
615,96
99,76
25202,716
4508,457
1322,309
512,155
904,269
268,132
14099,785
4380,500
964,235
11645,702
2670,239
8399,614
1781,141
1865,300
75,46
20011,784
3677,389
15608,736
13123,377
3033,300
2831,444
11642,353
2100,338
5027,471
5356,344
119,105
5060,420
585,232
228,91
2522,539
495,89
1157,296
4306,524
723,202
115,48
1745,393
1893,226
1223,299
2670,341
24289,1043
22776,1010
14366,764
507,219
2143,127
862,141
130,66
15237,384
3691,319
996,280
9591,742
244,152
11052,543
2802,293
14809,716
3243,419
1306,257
4528,402
2269,230
13,12
11015,695
2420,431
1605,293
800,188
2547,416
2368,421
193,49
255,138
1212,240
56,40
7121,686
1016,271
476,109
2972,240
5127,452
2684,476
291,141
740,161
2413,363
4509,551
24843,1062
433,170
3380,410
8555,551
4253,370
1459,347
2361,256
20976,695
2728,421
1823,245
144,77
8735,579
8510,463
7965,348
3633,196
2272,329
207,90
9588,563
457,153
2840,365
5055,554
57,48
12,9
582,181
3768,409
13,11
633,160
1417,210
6290,374
1244,224
8221,550
1596,311
126225,1463
168,71
1452,195
1437,276
21259,1123
547,206
785,212
403,160
815,209
322,87
29,29
2499,503
366,83
21453,1318
9611,519
170,108
206,81
4904,404
5335,533
2062,420
637,144
1902,523
197,131
989,180
2592,306
11205,815
6942,353
947,238
65619,1698
468,201
47,40
209,129
863,169
905,114
4187,359
4500,168
5958,544
84,49
3287,475
246,99
4072,238
6526,509
71235,1450
8506,395
117,50
8630,645
200,111
2733,364
492,206
785,148
19,17
591,151
19,11
4462,441
846,216
94891,1149
4978,451
1818,324
4806,221
97,60
4603,303
85,46
3202,282
229,166
5566,369
37786,1165
611,220
2516,391
4554,357
14508,581
985,233
6673,323
338,141
15007,1015
4171,398
644,221
936,200
568,138
1950,175
1115,151
12761,912
10857,872
6439,314
9896,775
381,203
15070,801
1368,197
898,246
3514,352
16874,916
37385,1259
8604,300
592,148
713,208
10893,801
1732,234
4968,655
41509,1433
1224,248
798,201
52920,1299
54,49
334,69
2674,460
3649,525
26043,995
863,249
4710,358
1824,453
50188,1262
2027,412
190,68
348,123
4122,324
1865,265
520,193
3883,507
668,203
968,209
35423,1463
30590,801
1400,337
6491,433
273,123
941,254
345,139
46205,1387
205,146
9527,647
364,124
3155,209
1224,286
300,203
11103,422
3513,594
118,69
11571,754
1051,156
3136,311
334,129
390,150
10574,796
1611,286
11539,768
692,179
89,79
345,180
1731,231
1611,296
872,178
22671,1137
905,192
11662,689
6932,418
682,189
13996,777
4396,356
8909,589
472,182
10622,574
1533,373
154,62
28883,944
8183,714
25759,1157
54885,1494
518,159
2303,450
16282,997
9244,586
11194,639
3791,203
778,225
21360,1020
21258,560
80,58
773,106
592,116
15977,502
7729,532
5278,494
1411,282
11564,537
633,188
8333,573
5601,347
298,126
123,90
969,227
19732,779
5977,678
644,213
1823,250
2785,407
832,293
710,167
6054,565
260,90
7474,779
3476,531
13548,633
2147,485
8191,548
4996,394
414,158
15760,687
871,307
17061,696
3325,236
3603,310
1646,241
2880,384
100,43
2297,221
121,106
4036,307
2592,415
1887,359
3146,216
11732,652
2716,251
307,148
214,86
1153,302
6331,590
219,99
944,269
611,163
224,138
977,251
930,174
5026,446
1600,168
837,220
2935,270
7627,438
118,48
7557,428
181,91
5491,562
287,100
1110,234
662,206
5238,430
2966,306
579,183
843,195
238,124
11473,797
8375,529
3462,508
7992,657
1142,269
23992,1105
92,87
155,70
15131,455
1751,144
56,42
685,98
2953,286
61661,1408
3103,346
358,169
1276,171
4540,410
420,143
2670,204
582,187
1267,263
16919,444
16593,830
15,14
585,100
16371,595
22253,834
1328,239
5507,534
3637,351
6151,765
451,98
9580,528
608,192
4783,419
12765,831
2901,408
2348,278
562,190
166,105
4093,407
13756,705
1182,255
594,169
132,79
1106,244
9189,526
402,111
7311,594
1749,251
3219,406
2646,344
1522,351
1198,262
931,164
355,108
257,123
1120,276
834,274
4059,267
35,14
949,135
3469,353
1560,343
1625,251
784,251
7814,398
6979,597
297,140
603,169
5226,299
6511,348
18257,650
1734,310
3303,219
4767,452
1098,179
540,122
333,146
1548,241
1719,232
265,173
4178,489
290,99
10486,560
2625,395
3717,452
7400,627
58,37
9967,587
3508,363
3033,340
2960,412
26707,1030
3777,193
328,131
175,126
3711,524
2607,254
2425,277
3599,265
239,138
184,133
389,95
17061,656
1604,351
406,91
1865,280
43,25
2582,367
252,140
40,35
6222,403
957,333
7187,538
8179,452
1567,317
942,156
3256,513
181,110
401,131
803,215
2363,314
123,52
1482,220
12369,732
8594,514
5265,486
6414,380
1229,286
7633,364
25158,1330
1080,250
1431,267
383,206
708,222
3900,224
8257,523
389,175
238,78
917,218
71,37
5894,394
4665,427
3944,367
13298,799
1235,284
290,136
38,14
3454,326
1576,183
1131,263
15560,1141
546,130
4136,362
37722,1179
2235,406
2740,438
1626,371
964,274
3469,253
769,256
119,92
1852,249
9474,407
926,121
5740,272
38022,1032
376,92
3020,374
1124,262
2248,241
2347,399
10,8
464,134
44,32
22014,1043
5000,298
26565,980
952,125
139,109
14913,901
569,176
22426,834
1149,315
1933,303
3795,425
3104,413
1641,227
869,176
15144,783
3019,501
3131,345
17714,1028
6689,792
2101,266
79,51
890,208
10282,484
745,178
310,119
107,74
15392,699
9339,777
2714,393
11567,866
64,11
3843,405
6827,501
4441,466
4536,236
2226,239
16682,628
336,104
5762,469
3589,375
3944,359
1927,322
30375,933
2227,332
754,202
937,152
608,228
6272,500
2658,413
1949,297
3862,478
8505,579
1524,362
1232,188
4259,423
2465,332
501,87
14180,539
1477,292
3374,357
502,85
4718,240
604,175
153,94
5574,462
2568,452
474,128
2602,158
1682,185
3273,358
938,203
196,128
10432,724
631,164
178,115
4328,299
555,94
111,75
3040,485
37149,1230
532,216
297,115
7464,330
6996,504
1185,163
14294,743
1042,268
798,176
349,153
1359,264
6052,647
337,94
2566,350
4637,314
2880,417
1939,318
3068,357
39373,1257
5229,394
3333,287
280,96
34,11
226,119
4748,352
171,104
1167,262
1432,227
1135,250
336,151
21378,1376
25747,1504
29123,1020
2688,233
1994,321
3499,367
19269,1044
17,11
8197,539
190,89
1611,136
463,190
19221,1010
72,55
691,121
5888,213
1239,207
2083,396
4593,273
7379,587
5023,583
8220,596
2142,268
420,141
111,75
15499,813
6739,382
33659,1321
20,13
3454,481
630,231
8596,797
3125,362
4751,341
4009,555
4165,503
1473,346
476,225
36952,1145
11879,729
9958,400
8939,610
12193,558
1142,249
1348,317
3379,376
16,14
45747,1405
39,37
160,115
6736,693
7995,624
6171,400
1455,264
1400,299
981,282
10097,809
5451,574
100,71
11923,780
734,134
3417,469
3616,410
7540,371
4467,603
4354,345
5662,401
4932,633
13078,960
3749,361
16300,949
16792,1072
115,81
1092,149
5222,428
25612,907
1173,358
1577,229
12,8
1812,289
3370,430
933,269
680,145
911,188
3930,502
15114,876
1946,256
749,88
35,30
5884,338
7760,731
84784,2112
5673,457
12962,639
2418,330
943,237
383,145
1576,279
4729,608
879,182
6341,414
10549,272
768,175
3305,369
219,54
40390,980
2558,233
4252,384
1319,249
338,90
1195,206
663,192
283,171
10853,504
13786,584
5002,287
24318,1097
2341,298
10331,710
511,221
104,78
1582,320
6415,490
3884,520
6862,410
785,171
14649,526
2640,149
1302,194
1683,365
21940,937
172,89
2562,170
4164,420
11325,885
5129,439
915,271
511,150
29179,1158
713,192
858,191
20899,1022
452,174
2383,367
450,175
78282,1757
7142,515
13659,856
6099,413
424,116
66,36
12622,671
1492,375
6766,723
2599,401
7772,635
88,62
88,50
6614,429
573,208
1556,293
2025,195
9589,509
2631,327
10047,507
1229,155
5229,179
3664,371
9172,634
11197,381
4257,457
1709,256
7401,577
706,143
1337,140
951,206
247,131
2132,396
5764,579
2079,402
4206,415
5923,554
318,167
709,232
457,188
1411,197
13536,450
4228,304
8022,777
2536,410
501,172
8938,631
3861,344
4600,502
613,172
7137,531
13131,758
7513,341
5358,552
5509,443
13811,435
23763,875
3562,318
970,195
13236,815
3112,156
2136,242
81,56
4763,352
2544,180
1102,182
38,34
8701,418
202,53
7141,498
1549,389
797,114
8104,321
14276,871
12687,880
1702,306
5059,551
4304,384
11333,502
10351,829
15,10
4038,419
1188,249
2471,388
3174,458
4227,404
18317,696
7686,898
514,186
683,157
409,165
602,136
510,272
539,193
12271,616
17257,906
14814,634
1450,233
505,136
6924,387
6701,457
23793,694
5002,323
10463,815
890,253
19217,732
435,138
529,254
3140,343
32,19
15707,800
17008,932
2019,91
33572,1341
12701,746
927,267
2156,327
1254,343
21800,1010
21923,931
4045,376
1835,224
1030,174
16770,957
347,134
20701,1020
6129,304
4418,321
10450,468
3426,259
6668,571
1956,363
1102,243
28153,1007
1813,416
11613,463
13682,680
6913,569
934,223
2656,309
4307,440
5044,408
129,105
43010,1014
2564,222
53,46
6898,530
232,97
1459,298
6170,297
5146,490
213,97
6845,261
1725,344
12239,927
17,12
652,212
173,101
849,187
3028,458
2644,433
19926,893
16807,980
15483,970
900,146
45,34
186,133
796,183
806,234
6747,805
2900,437
245,142
1937,414
3010,343
2827,453
58,48
10891,627
1116,169
1869,172
30,21
363,160
14009,882
3866,520
10366,618
3029,256
13499,707
1296,309
614,146
1687,297
7061,563
71,39
2038,259
2253,455
1624,288
7673,706
66,42
12554,711
8097,737
1784,283
2086,288
2322,252
5285,642
128,109
4886,423
5660,512
1294,353
60,37
2836,321
25734,846
3589,529
1355,320
35,34
892,180
636,234
2931,249
3389,524
243,91
526,158
12892,487
299,144
5596,513
856,241
16974,975
8433,626
11622,776
2054,326
46,38
8762,479
176,73
27720,1108
8563,413
10211,899
640,161
9891,347
1314,314
4924,539
1283,145
431,196
2450,308
344,157
498,143
8016,535
1130,204
5239,250
1988,253
40196,1179
12383,700
7752,581
1782,257
577,185
31812,1006
7952,485
87061,1848
1194,204
3263,334
406,78
10167,786
291,134
181,113
325,180
154,69
4362,491
5125,288
37023,1570
1549,255
903,131
2390,404
8364,656
13405,896
1769,342
412,116
2274,280
518,127
28060,1003
33660,1101
1042,274
4423,469
24887,1192
3734,324
3124,186
2454,160
197,111
3718,443
4190,573
207,129
9094,676
5008,380
149,112
9327,736
430,95
6017,359
595,179
3090,376
830,186
1089,312
9115,473
375,137
18686,1221
796,189
2882,377
1663,343
406,107
351,129
87,61
1983,238
1303,256
7786,698
5596,415
481,203
3320,481
17199,570
7401,368
590,145
13433,534
935,182
4661,315
4841,460
7118,545
22053,973
38,37
760,146
362,172
835,168
8291,572
1654,276
9484,649
1772,370
14,10
803,232
3145,208
5235,554
4287,507
21233,1056
4917,350
7130,491
1163,177
1601,209
234,92
2686,206
16068,655
4977,623
2962,222
20629,1154
17271,1028
22,17
445,98
11878,748
7386,489
30,26
339,81
199913,1588
1597,360
20652,716
8082,812
6860,577
220,83
202,105
5808,544
530,196
6905,669
9449,882
1161,149
11793,752
2571,382
395,124
713,171
2304,449
940,216
1112,170
1265,282
3202,310
572,183
59,49
11213,657
45597,1208
1018,265
9073,305
20986,850
14997,537
5676,510
2751,325
6694,473
8092,648
669,149
628,172
2909,337
2600,368
1173,225
4898,645
977,246
5859,373
4114,356
2286,418
586,203
39539,1057
3535,209
6302,565
1057,234
6866,237
4813,275
772,118
12088,636
498,148
8474,526
794,109
1909,263
2927,443
3646,479
4350,364
1804,195
588,207
453,140
22,7
1089,247
352,95
369,109
136,55
506,107
5136,363
5155,501
3630,446
329,116
81671,1865
5146,571
1233,162
10171,454
1427,249
223,86
25422,1156
2748,334
180,103
12576,653
30731,1048
696,214
5491,334
17923,754
1412,182
128,99
1219,216
22711,1190
4720,227
48,39
3144,276
9954,915
3304,338
55,41
1036,285
33,25
31375,1199
492,160
214,101
1114,140
16858,1113
3030,379
2925,307
6018,668
328,145
111,84
1558,279
15150,754
901,118
295,98
7011,519
6167,618
2363,392
466,181
2315,283
222,97
20586,730
329,141
5543,366
2592,279
320,92
18560,791
1123,310
443,148
219,107
2628,270
3115,458
810,169
20631,795
2192,286
1216,160
868,150
147,106
156,121
6126,481
4182,321
584,203
1088,203
36,32
3910,282
28896,1151
3110,288
1489,276
21826,988
15010,658
3599,373
8508,522
3936,509
12930,659
2454,332
3398,426
4567,255
9514,566
18,15
936,253
132,97
1229,207
320,162
1211,260
2547,465
949,226
2267,182
1143,240
636,177
6125,369
1013,293
182,83
77,40
684,218
9352,549
538,75
11042,568
6023,232
737,182
1047,321
790,222
9434,419
15282,670
81,34
6680,333
2563,404
4893,546
12896,611
863,238
1889,238
475,103
16515,530
138,50
71,66
15992,377
8112,555
3859,331
14327,1105
6102,486
9943,509
16207,921
5099,521
271,146
9091,650
6190,459
158,105
9607,498
5504,319
1738,231
5868,371
4092,305
169,83
6819,322
248,101
42880,1503
393,135
7181,365
22395,786
6612,421
2807,408
1845,337
300,148
868,177
2696,193
73,44
40,40
4328,276
88,68
157,124
3016,334
2077,314
5411,316
3020,414
187,43
970,212
9972,720
1168,130
26501,1000
9683,491
4036,306
16,12
2549,317
1098,229
3596,299
9140,534
1934,269
1322,236
6001,318
795,155
4941,418
557,181
17869,797
5855,525
13097,782
34077,1283
3855,366
63798,1710
2692,244
3663,281
13001,812
7287,531
81,71
17541,622
619,208
2358,198
878,227
1869,270
291,94
7708,584
71,53
2339,426
2053,283
2615,449
6207,397
2281,212
9999,720
1958,323
114,86
143,61
7880,470
6070,429
2576,330
61,47
264,112
9144,339
646,195
5573,572
79,59
1716,174
78,50
19387,1142
8994,1180
12791,562
7140,435
732,252
24493,1041
230,128
13733,651
33325,1143
196,88
1171,294
295,127
840,213
1184,234
224,133
10,9
2025,389
517,199
3834,309
74,48
6252,469
5287,228
12901,566
10836,634
5650,296
1654,199
13938,647
2527,404
563,154
554,177
18276,820
882,214
11267,521
28,25
2128,122
35806,1090
2740,307
3336,344
11995,670
17844,1503
2564,360
882,150
1526,309
7291,408
5326,464
3421,472
3873,516
1500,133
9404,695
317,142
69,52
4068,411
8477,471
3672,459
7466,426
31856,819
2630,342
165,115
7824,707
21989,662
9633,454
2907,298
109,100
1143,224
9963,554
6064,599
644,204
143,98
127,90
16859,407
2761,298
60993,1620
277,140
25531,1158
530,105
1354,269
4634,249
11491,702
2382,368
12810,458
176,122
10776,622
274,80
147,46
386,157
25364,1145
5263,569
1989,297
8122,686
171,120
10,8
15160,923
9741,639
2097,354
16903,940
11909,714
942,208
278,176
390,112
509,234
13772,685
11763,451
1164,354
3394,258
94,72
2950,481
121,103
4952,458
708,172
509,189
219,100
1884,385
351,133
2134,391
2092,229
148,69
3456,375
2414,317
780,293
10198,628
3064,239
169,92
7720,633
316,109
4107,301
9390,490
155,82
360,90
40323,1318
21118,749
9127,551
5679,437
476,103
17362,1005
41457,1165
349,135
9766,854
156,120
66,57
2454,259
410,112
45750,1632
633,135
3985,504
17148,622
3087,416
683,221
1783,395
3742,316
627,158
16,12
120,75
7971,562
11818,837
6844,515
3237,314
10477,629
11945,552
548,183
2809,215
1024,252
2876,354
335,157
2328,308
1306,284
1549,166
29020,930
5523,629
834,236
6629,353
2750,435
9821,785
1188,280
1948,258
11772,776
345,112
55,41
1157,254
3929,247
1529,131
1810,307
71,51
1436,276
6479,615
10139,451
2069,295
1425,325
3145,343
903,115
4767,560
6570,418
4030,445
30804,1114
278,85
2366,370
4100,246
21713,820
26,20
7645,488
2321,368
926,217
7475,636
3235,262
2185,381
1228,270
2499,404
44,22
2988,410
1439,235
8566,681
6173,423
582,162
9438,392
4910,458
1552,497
1809,315
80,67
1786,126
21070,1194
9882,684
5396,681
20158,679
51,33
2311,345
267,155
4199,514
424,137
8917,695
2447,427
827,156
925,193
10418,802
1962,236
22372,1223
487,160
42655,1084
3639,240
1170,203
13102,922
3416,323
51507,1531
5259,418
131,80
14398,700
6738,607
473,186
9535,730
347,147
959,291
1532,218
33565,1151
4427,448
30487,1216
209,128
14969,834
33915,1160
906,247
3367,326
1020,232
16736,1044
1108,203
2972,542
14660,936
5365,400
138,67
1166,237
11646,372
244,92
6190,364
312,97
23864,1026
432,132
152,70
907,220
16,16
5802,623
10982,499
1098,282
622,110
199,142
17928,1129
5957,609
403,127
577,137
11988,701
74,65
6892,407
196,102
19874,772
576,163
35467,1276
406,87
6079,793
17659,633
842,236
7502,362
2368,83
534,173
343,105
5499,605
10705,689
1580,308
8788,628
5745,511
644,217
4252,289
4429,362
72,49
2622,313
22,11
184,119
15756,1104
874,246
9251,620
112,73
21501,987
27028,1171
15599,688
3030,486
1659,404
1160,253
2905,372
54406,1288
8322,559
3907,347
561,145
774,193
7253,481
4892,274
612,162
56661,1364
8874,624
15449,899
917,150
30944,885
315,138
3850,495
13102,655
7916,543
4210,336
63,50
1959,219
33598,1006
573,106
12152,860
3827,419
7495,654
2280,161
105,79
5800,526
1934,306
406,101
2576,260
994,251
1566,226
167,106
7383,271
1338,256
1140,248
207,134
5940,381
2146,249
13040,691
4850,482
21312,1319
15,7
8830,477
188,83
5690,628
521,137
119,27
820,199
60,56
78,72
8575,495
14908,758
5180,286
1281,281
6733,667
2377,274
579,180
104,44
4332,452
1173,221
5715,650
707,164
4503,313
8614,473
2046,279
2161,307
666,143
7034,339
259,122
9715,418
3660,473
174,83
7823,481
651,231
2788,326
616,126
8863,683
4981,487
180,109
21820,903
1226,330
12830,443
2436,235
668,200
7723,632
20836,634
4742,417
56094,1534
220,100
14153,897
116,94
1306,257
815,203
3070,289
265,151
7608,559
5759,537
7154,384
766,195
7247,297
701,185
818,269
3863,531
559,148
572,160
603,160
776,215
3033,354
572,236
1264,182
301,136
4655,546
5869,391
18337,1031
20194,391
31185,1151
826,216
707,199
124,63
13434,691
4189,491
599,194
2205,227
205,130
349,119
8191,673
20398,904
160,106
4288,304
162,111
68,56
2131,329
130,77
3157,360
5463,494
8799,563
6399,541
2846,219
3218,354
56,39
447,151
3674,525
4181,435
407,192
468,205
1251,176
3834,275
5726,389
6738,548
15055,531
2438,357
292,106
5977,421
14069,867
19777,759
3355,363
4414,546
5775,430
340,105
739,202
10760,658
3462,367
6588,470
4570,401
5816,563
18260,841
823,146
21502,1191
239,124
230,126
1435,289
4503,374
8970,767
142,113
6555,342
14678,924
6951,575
4086,364
10419,299
1124,232
9469,585
204,107
47191,1550
1123,333
3502,399
20075,950
295,149
2635,325
3019,417
4875,342
1388,299
3593,334
7124,663
6118,341
2799,478
2040,289
520,133
9808,587
959,316
713,180
3728,213
49,36
5615,394
24826,731
32982,807
16,6
8254,566
6827,681
52313,1316
11366,739
964,231
444,160
8544,331
17264,705
2508,384
1870,153
880,205
20765,1215
923,146
9254,559
828,243
172,59
1005,320
187,53
20107,926
1960,309
308,104
6403,444
21196,1286
10018,503
1816,251
118,69
71,43
1425,168
343,162
7489,460
7505,432
10,8
8528,509
5632,366
614,202
1863,271
72,43
51860,1282
167,64
1445,234
12017,679
4151,440
151,101
2821,355
6297,486
3503,395
1683,439
9992,678
178,76
5827,498
743,153
648,184
8586,456
383,154
170,87
3206,389
17095,885
15597,521
3923,359
877,217
6163,376
6649,542
33,10
12643,725
5839,454
5586,440
193,137
4188,258
6870,647
7293,498
1951,348
1540,310
5306,624
11197,879
11070,930
124,98
622,198
1870,284
4573,453
6420,390
17963,904
827,177
3474,202
2277,193
453,175
74466,1876
518,122
169,125
439,121
2401,308
40689,1589
1972,247
677,200
1932,343
3043,224
1678,305
1587,330
7226,662
4610,218
349,111
25608,1044
1057,276
6332,347
4099,450
5532,384
213,92
179,72
345,112
1172,234
1188,204
332,138
4392,337
1132,250
2371,409
28981,924
473,125
4427,263
6957,347
1487,299
22792,1241
1538,259
5409,382
160,76
9037,532
576,160
227,114
24,15
12736,477
29694,1215
11693,604
646,169
11837,508
2208,219
14649,544
40668,1297
26417,1230
641,216
173,67
1680,313
339,140
228,128
15768,839
88,81
4566,486
188,149
1000,287
12337,1136
8662,842
267,143
26198,1055
9981,668
2382,269
26408,724
2493,204
202,92
9925,477
2579,257
147,99
1018,195
1795,306
438,38
2143,266
229,64
634,200
14698,887
38263,1158
187,103
82,47
1667,299
499,176
10868,369
28348,1302
381,135
8366,337
71,29
4455,263
6235,504
16970,698
2590,335
6339,607
2763,347
1322,213
3127,385
9121,481
2543,390
37928,1329
2963,293
3831,518
7655,615
2485,427
2300,174
4823,523
1733,205
13685,683
2768,248
9343,473
3472,355
12592,751
13926,762
1759,309
2807,315
2914,244
188,98
1279,318
6285,470
1302,247
711,269
636,121
827,248
15,11
2844,433
502,199
4305,450
10550,647
223,83
10905,673
10763,607
4566,366
2331,385
530,160
2141,451
262,123
1015,257
45,32
3393,422
596,197
51,45
569,155
207,45
7129,767
28170,1274
9636,494
407,98
5327,319
7575,434
198,75
26515,943
1753,364
9252,446
1495,372
3884,477
9047,757
6621,620
1214,246
8005,671
1262,286
5689,374
291,122
31,17
3542,459
1236,291
764,241
2629,319
4753,383
3181,307
31897,1062
162,125
683,189
902,297
10782,345
2630,329
12041,796
211,61
3347,363
1082,273
1973,292
3728,350
2507,397
247,99
2240,400
139,75
927,295
759,214
43603,1465
4139,330
6511,349
29673,1206
1834,292
1198,262
18,11
7238,614
7438,554
4126,355
30,22
767,116
16229,820
637,165
842,200
9839,350
21646,1055
717,163
1633,201
3026,321
1048,213
2497,333
698,201
38262,1408
11728,940
100,75
3274,395
11958,561
1770,362
10230,742
771,200
1337,403
10095,725
3999,360
100,87
50981,1499
2816,371
4641,423
2653,229
727,163
1359,305
593,87
1627,243
1147,211
4969,427
8896,519
11932,640
2847,449
17167,697
2320,279
1245,279
12780,663
727,125
285,162
81,61
9000,411
11155,676
2051,333
202,111
15628,687
36,35
6164,409
824,200
110,39
3243,457
5401,351
30842,1266
3829,380
9329,680
110,60
498,209
31,19
87,49
13086,765
1373,308
4311,311
967,288
2332,272
4298,146
237,94
701,257
31910,1323
54393,1788
4698,229
2215,389
6278,635
533,99
6098,411
6278,423
7465,391
1798,271
62,58
883,291
399,112
1516,280
361,109
2388,241
9336,510
7493,538
5753,365
343,74
40,38
984,199
433,211
487,102
542,167
7498,477
1527,117
924,159
14782,943
6133,476
7375,276
19567,812
792,219
390,143
5151,563
4185,327
28940,1452
117,96
1302,297
3440,365
5647,575
10230,559
838,187
1293,260
3609,401
3255,355
13565,766
8325,368
509,111
4042,260
293,156
113466,2643
346,102
5001,365
68505,1989
6391,386
2031,314
5276,288
75,39
234,135
65,49
1453,273
3309,438
7375,596
15973,803
8513,764
39186,1512
1679,360
2567,222
3330,237
1861,225
9668,645
10,8
1137,281
6045,415
30424,1191
4044,402
7989,413
7508,653
2131,315
2432,352
453,205
35153,1122
4828,401
5343,490
7548,667
5547,352
849,249
2355,312
2748,401
6897,699
703,234
5221,292
548,177
77,60
173,79
26867,1072
3810,428
1262,311
8747,576
8993,350
31,23
1237,219
60,42
3638,243
91,55
629,148
429,186
202,121
751,85
137,116
9078,552
3986,668
392,149
6426,320
64,50
3462,362
264,117
6497,481
1554,207
2884,408
1743,423
113,46
2349,158
4488,245
8659,449
2422,302
1366,170
11264,544
1922,245
4257,311
556,184
1528,262
1914,301
4399,482
10473,387
7488,525
6338,440
669,209
161,75
3491,240
6827,508
4176,269
4473,615
1189,349
2369,447
1096,213
1398,215
6265,294
12701,735
15041,832
807,276
23924,867
235,110
19802,857
156,104
1602,233
4115,378
1812,295
9470,661
32122,774
2090,131
5041,375
2449,250
1129,220
34697,1157
5999,385
5547,468
11801,536
2382,369
934,262
181,59
1416,325
854,197
18076,562
29639,1204
874,216
95,58
4377,300
69223,1767
202,121
44959,1399
3158,391
8265,382
1458,219
939,216
32833,1182
342,145
1478,375
258,129
608,123
1172,134
2412,300
30,15
14,11
9796,416
11651,387
9219,368
3530,326
37,14
993,193
165,121
606,250
1479,217
4581,264
9493,800
7927,553
2858,240
37534,1099
301,79
461,161
3769,389
10649,693
543,195
665,190
12609,935
856,198
3694,365
6209,367
5416,672
2367,372
342,162
6559,454
12600,762
261,150
1417,339
1184,306
274,157
2377,367
4804,557
34381,1162
1659,198
21183,873
6883,706
17755,688
8107,638
1445,315
1670,367
486,148
203,96
21242,1348
1615,329
3819,355
2194,140
5168,592
7091,433
33028,1131
26184,778
1732,233
12330,659
6705,761
252,126
16878,392
1094,185
352,82
240,93
7195,632
18451,1020
12384,600
17781,897
1468,304
860,208
12943,615
104,92
1204,240
8880,373
1323,296
2965,303
24026,1039
712,233
5861,433
109,54
6207,440
975,232
4140,343
13801,576
3979,438
709,191
13625,636
9994,494
155,110
11535,670
633,221
21788,564
584,198
212,104
9841,763
871,200
1648,254
497,213
3720,325
1332,241
249,92
9957,659
557,165
111447,1979
3114,287
161,72
4576,601
2069,193
1431,277
4886,488
276,125
4801,522
1492,282
735,164
7585,546
4403,532
1239,232
437,175
7311,402
29,27
6640,609
530,213
2384,261
3736,427
6835,593
1416,259
24763,949
573,132
326,171
11,9
7366,573
34648,716
5232,541
15,13
7228,642
8268,512
1211,262
5039,273
6214,623
143,79
2755,207
84,35
59,49
25172,822
117,106
1301,100
1492,157
378,174
118,100
21003,1350
216,137
247,150
3432,407
197,129
1963,163
159,121
13128,636
1179,270
327,127
582,244
706,154
175,91
1122,280
30420,1198
12233,513
9583,670
29170,867
5902,558
14595,719
945,234
473,137
2371,312
8053,699
93,56
16743,608
4076,421
16764,1191
7816,443
32575,860
136,62
15574,875
5066,329
2370,341
6611,321
7206,559
10344,664
1639,197
7871,410
4097,267
5967,530
126,79
657,208
916,225
2804,151
6713,316
2623,158
158,80
4932,201
354,165
2010,300
28,17
2870,230
195,73
1275,262
9487,466
1121,211
36162,1462
42055,1408
28,28
1471,303
697,234
2641,336
513,129
12,10
4220,508
17769,688
69,56
5387,671
1987,271
667,155
2381,231
804,229
274,65
5699,410
2385,254
3324,169
45003,1543
4843,346
4086,320
14503,726
7063,615
12083,751
391,174
5421,409
2597,386
210,102
168,68
10113,334
1556,247
19,12
1209,223
888,221
7738,567
485,130
2653,264
558,174
6918,577
1726,224
2965,226
737,107
2588,207
6255,400
759,177
3827,234
8677,585
25745,795
30570,1052
272,100
15833,716
14041,751
18766,940
17464,814
599,155
2102,268
87,51
963,177
5551,349
34722,935
2691,226
1026,237
76,75
18934,922
2419,306
448,169
2139,460
242,143
564,138
24193,966
376,171
34629,1026
579,162
4368,641
972,237
16046,1019
11118,713
11,9
10569,434
193,76
671,178
3635,326
2951,283
4372,323
5352,319
23045,1222
1302,204
375,122
268,118
40,12
23675,940
6002,336
974,256
5242,545
2685,149
33462,772
433,227
58,22
8236,703
567,223
8627,613
6608,582
3024,293
10788,668
232,119
253,107
63,49
1314,128
530,131
38363,1603
3725,489
3841,265
11312,746
3044,276
316,132
4504,244
4695,502
8741,440
8709,656
714,199
2909,175
6130,408
24441,1237
1421,248
353,115
3310,434
2554,316
2477,391
3643,448
1704,185
1232,192
17,12
49772,1491
850,207
8345,391
2850,395
4241,505
2472,313
23237,704
565,120
6276,518
3134,334
650,178
10,8
37341,1120
3574,281
53737,1862
519,141
2083,338
69,56
526,161
3026,396
609,264
1392,281
572,216
1552,255
1693,236
3282,325
630,178
689,90
9955,721
6938,452
129,65
1317,271
4180,316
44,40
1079,249
2402,351
2865,372
4767,308
5041,532
1293,217
5274,539
361,107
4143,491
1149,256
778,202
1553,393
247,153
2742,317
2086,364
259,100
16319,811
989,184
2223,233
2639,401
74523,2199
8626,544
9687,645
2004,333
2047,330
21600,696
1721,209
5693,575
8342,519
26293,1135
5034,344
4829,359
190,100
59425,1453
2096,476
2323,216
5714,509
217,64
348,131
5456,477
1061,302
5606,469
75,63
50,47
2181,313
24084,908
1592,308
86,67
2630,302
2582,381
15,10
2189,275
14425,788
22194,1168
43,40
6757,520
16505,841
4121,378
1975,298
5465,564
112,90
1147,209
1630,332
4033,319
4239,443
1390,229
9383,466
3793,334
10436,436
1636,270
14621,749
1345,166
2290,247
885,160
14269,614
3363,337
11942,721
164,128
10799,687
22671,982
774,243
221,83
344,150
11,11
10178,490
115,62
4126,436
6684,441
566,122
572,182
4873,378
5703,525
7995,595
1683,194
2786,287
25761,823
422,99
6617,510
23022,1077
1233,287
5499,463
10169,647
11469,423
2009,274
5665,424
7025,433
185,69
15006,747
2739,379
1253,157
2911,238
2570,254
2903,250
776,185
6916,456
265,129
4519,556
538,165
1968,393
4343,421
183,70
6760,552
6129,496
35020,1179
890,277
17891,945
4678,590
129704,2499
2289,178
592,210
4789,435
23316,741
59,22
300,159
22,13
4135,481
15216,812
484,127
5092,469
53177,1719
299,97
1506,333
8244,252
493,205
2291,195
231,124
233,107
3829,533
2041,205
3086,353
2741,349
8286,400
5560,408
277,97
691,184
2625,420
108,54
4048,168
15175,535
6550,419
6051,353
108,85
2599,355
6029,486
1892,348
9593,765
6148,321
509,178
3200,525
3509,212
6542,337
1562,222
794,233
16618,663
11581,577
1811,310
3283,475
1825,454
9821,409
51956,2002
7757,645
2678,244
1899,251
2952,281
839,252
865,218
8615,661
130,95
2718,349
17569,1048
529,153
10500,717
1118,183
4705,472
313,93
4111,425
46879,1622
23250,870
4912,502
3392,245
331,158
2184,313
1745,240
276,114
375,83
8895,645
1017,343
2656,387
7175,724
862,231
7410,452
9015,534
9621,351
2375,234
15300,740
14238,584
236,78
225,84
33012,1085
4392,417
4501,447
6375,511
13460,936
13141,776
16779,871
11797,459
1804,245
267,140
1343,275
2124,202
3053,137
19025,1042
25896,745
29429,694
4005,516
1450,363
48989,1307
2488,501
3300,423
3430,400
2659,238
44,40
3215,223
847,340
2526,258
999,175
2045,446
2110,281
236,94
356,164
7825,676
765,191
5819,458
594,206
2255,328
194,90
727,190
14836,703
6779,676
3206,443
11519,521
6253,578
2114,362
3256,470
11,9
2513,302
453,139
8318,626
5625,622
1358,187
906,218
5213,448
3272,400
12382,710
951,322
2994,417
2764,494
3031,326
2748,307
1534,238
657,203
32795,1048
3689,372
850,208
274,74
6546,547
5808,429
39076,1394
2989,167
2880,439
2169,287
2976,465
1290,156
10651,751
1109,243
9878,638
41472,1244
10775,675
181,139
759,191
17329,556
72,54
1667,297
3834,360
10700,698
4330,412
53340,1398
32672,1131
4649,361
17938,586
338,146
3002,438
8985,539
6395,488
1165,280
31012,1246
47,36
3013,301
536,190
198,120
780,200
18738,901
40597,1427
2110,158
18144,719
774,145
6116,469
320,175
5219,431
1155,249
4611,450
5407,561
24214,699
13861,962
8665,494
4713,510
328,159
182,132
13766,801
45,14
181,111
2047,325
3038,389
4421,409
5070,291
7925,608
17698,590
11455,692
3207,364
706,172
26438,1078
828,218
9364,658
13160,745
13963,759
1538,404
4662,319
403,156
12383,586
9355,562
26441,1057
13131,620
1685,267
8794,410
2052,220
391,131
968,255
284,91
274,104
4912,418
4979,230
4663,499
1258,128
15354,875
22536,725
3411,563
4868,256
64844,2069
4394,232
972,233
488,170
474,141
1739,270
2672,385
1806,269
390,177
234,138
6085,363
11500,798
1050,240
2764,365
93,77
775,212
5241,488
5168,316
3532,322
1523,98
6506,243
2968,383
851,269
55,50
18635,713
779,129
1071,132
3814,403
13195,712
1863,325
3882,388
8019,555
10897,733
262,77
92,76
57947,1505
739,176
16512,517
4411,393
418,167
15780,802
12785,599
5638,488
6869,514
14102,928
13393,642
2795,295
5963,412
418,167
26,16
6613,544
94,58
19500,1209
21,16
10152,641
26670,895
3537,193
16928,723
999,270
245,120
11416,318
3384,310
3525,486
9669,716
1655,226
296,57
2003,361
1858,254
3346,326
183,89
5605,502
1029,236
1104,265
654,228
10461,488
17856,841
36829,1328
9670,586
1351,300
1866,199
2508,171
3230,380
2166,257
10756,515
1717,240
227,82
6442,283
655,234
14158,836
21765,953
220,73
454,153
2652,195
692,168
33227,1113
96,57
6868,258
7371,511
786,282
1421,267
57,50
7044,589
371,155
4383,270
81,53
8604,582
13936,592
13635,639
11654,510
1260,258
1791,157
1691,374
4702,397
2159,195
32,30
651,186
9998,460
8756,552
30,26
2005,340
24,17
1791,330
635,170
517,174
3629,367
3817,304
11319,460
26539,980
2288,427
10313,522
3006,549
4478,320
10297,691
5623,455
4839,530
10318,545
57,41
12631,401
6251,592
1184,215
3296,392
117,64
70168,1507
3214,328
618,176
573,150
6318,414
11481,702
3440,281
1271,258
810,110
695,219
246,145
16,16
96,75
57879,1230
1052,99
51612,1394
266,148
167,122
744,183
2077,392
2608,347
115,60
6859,494
6481,729
4639,391
13260,579
48847,1747
7385,708
93,44
13332,981
23098,985
11132,644
13393,479
2046,359
3449,550
812,236
2507,381
142,67
8300,688
3657,312
202,92
26992,1191
534,180
690,208
307,92
266,97
1216,313
12709,715
2498,221
13493,616
812,300
12340,604
15133,780
2293,403
21648,905
2108,366
3765,509
7890,407
5859,752
1113,296
2539,411
1878,349
17138,804
3995,487
9764,562
2137,227
4275,494
6743,408
18494,1002
21861,690
2414,214
3153,559
13839,558
36,32
110,87
174,89
1195,257
3129,297
5249,431
15254,663
59,55
146,87
836,232
28744,1261
1185,276
6666,462
13310,532
2989,495
581,174
30337,1537
12574,528
946,207
2871,402
13166,762
820,256
2094,113
7231,476
2715,427
15473,922
4106,425
66,64
20317,876
15340,819
4613,374
1789,212
4124,303
1348,124
16502,758
11,9
9040,807
10663,600
8698,640
1947,418
2315,216
36,31
6808,534
27,15
12,8
735,267
5969,701
3759,436
450,91
846,165
13,11
1396,275
899,207
646,198
8978,470
2706,417
805,179
4407,523
39,10
862,248
1387,306
5532,518
1000,231
267,66
18643,545
2938,228
116,94
442,103
6583,651
372,179
70,60
15941,668
1603,304
2330,345
37,36
23121,950
592,154
2449,356
453,149
8390,527
17606,737
725,216
874,259
284,109
30830,1047
1453,306
249,150
9694,414
2029,209
1109,280
3069,388
6022,471
15902,685
10111,734
19864,1076
314,122
4353,261
23226,971
2810,467
1289,251
36,23
10774,786
411,147
45472,1264
60,43
198,71
573,140
7503,392
6558,260
25626,828
6899,502
15646,599
1706,323
6454,296
96,59
432,143
24611,1113
28298,950
560,198
2689,421
8112,516
1788,250
11235,758
13965,622
8903,447
1721,428
3450,265
4213,463
1898,399
8671,553
9231,541
13057,649
201,164
3579,342
34,9
195,75
1974,241
120,90
3269,402
6770,374
1313,341
5875,380
2453,334
3178,404
1507,281
1417,294
101701,2011
2310,371
7472,750
147,121
3004,318
21074,1189
20557,1108
6420,248
26,10
2213,269
1016,137
1208,153
179,123
17859,863
5389,513
146,76
46825,1264
89,48
3928,417
531,219
24253,1465
842,209
10049,614
332,173
1427,298
1219,218
7668,847
3752,565
50516,1749
15408,790
27158,1197
3193,249
176,134
196,157
11067,547
1998,278
2073,327
2384,237
1523,307
1086,257
23157,1066
3334,411
2412,374
7059,343
12005,680
17793,881
1300,333
22758,940
12818,652
3756,418
781,156
8710,706
9857,587
20781,991
1446,284
4533,397
15406,669
19,15
5828,577
4438,390
7466,447
10,9
1310,132
798,189
2604,295
2711,346
2456,398
4596,419
2019,215
6556,427
2203,348
2716,498
242,122
2463,379
14,13
8748,375
11599,682
2045,322
1923,414
2294,387
1211,222
50,43
1509,270
23276,1011
779,192
378,175
69,37
143,86
19337,1130
1805,301
1816,393
5908,371
1463,299
79,58
58,46
37475,1240
6706,495
1524,302
12808,603
5014,297
449,130
5183,278
735,294
9824,412
5765,651
17,8
8589,587
25445,1250
1036,212
6150,464
2478,264
1436,304
5004,468
4267,284
455,115
14160,428
1145,243
1261,230
2048,249
3602,357
213,124
2991,384
256,87
534,230
690,232
41,7
257,126
119,89
587,246
6653,481
4619,389
12842,770
291,106
5172,379
4126,366
1398,323
1869,374
1430,318
13,11
15028,1221
26947,1200
80,58
3147,350
3353,490
59,33
945,117
12082,749
7147,311
2202,258
189,127
61,57
8705,796
10420,906
22179,895
4288,391
1641,290
2527,473
3862,271
3945,454
73791,1000
115,71
1419,262
15681,820
4977,449
1249,360
18022,748
228,106
2540,186
26976,1143
23730,1180
857,219
2564,357
10389,571
9641,510
5842,335
7420,545
4561,206
9740,512
11983,499
6635,463
8278,465
20626,844
347,117
5488,365
7486,580
927,282
1822,393
12666,563
1727,132
3881,604
680,208
26581,887
1347,175
440,156
26101,991
86,66
3035,431
2739,297
648,168
1790,288
1850,319
19248,933
80,55
421,163
280,139
1234,213
4975,356
5529,521
2238,338
10672,833
5678,497
51687,1958
2325,373
8800,391
2879,440
783,212
1211,309
2410,343
4642,302
366,131
7086,554
45,36
480,168
588,206
548,122
1507,237
16933,595
5781,180
1663,182
2776,193
1647,285
4219,370
11847,935
152,112
41567,1136
95544,2229
1503,249
1323,319
864,161
4680,484
10368,372
53761,1465
2282,318
793,192
198,142
14773,893
4615,309
19695,702
266,122
561,115
1800,359
842,151
13823,753
1213,350
1526,300
774,168
4130,519
385,143
1630,229
928,115
2180,259
3771,374
370,174
1085,251
6293,575
649,199
765,192
4289,379
983,120
4098,339
283,123
1285,236
2288,133
927,228
6648,508
27182,1281
687,158
5928,468
664,233
5329,614
1257,144
1016,239
3656,363
19190,446
1316,203
5212,513
11363,692
68708,2023
284,61
860,376
823,190
291,142
4014,381
173,50
2474,170
105338,1328
2051,432
1338,243
226,102
9051,680
97,60
40,37
52,48
14404,875
2193,247
1280,189
5169,336
3406,295
5225,378
151,74
28333,911
15788,696
1022,234
4820,606
7282,363
45,28
773,133
212,92
4397,378
1304,241
1361,303
5229,469
11086,503
38582,1359
32644,1402
15247,455
266,83
19903,1083
2738,156
3694,427
3694,351
4042,352
4652,431
20378,805
16548,1191
2400,310
5694,591
658,177
12549,786
2605,245
337,162
13117,733
1681,289
4460,191
630,213
8204,538
7329,553
1924,357
500,222
710,183
2916,305
5949,392
1837,101
8577,447
12853,803
14854,702
49,42
1078,315
9986,659
1219,298
32,16
242,89
3436,457
3166,409
3004,249
63,54
85,84
12664,502
1317,257
2543,247
9242,675
1335,165
11367,663
1217,314
6526,569
5227,609
56,36
364,130
10420,522
829,96
231,74
24023,914
11346,622
1211,326
1652,340
2262,357
311,134
65,58
3166,335
17458,1077
556,171
4033,274
4626,438
13904,852
91,40
3196,455
4263,184
5626,563
10734,806
10327,426
9786,627
4240,334
8287,492
2199,130
10525,817
11463,859
279,108
6225,636
1565,330
42,34
36324,1292
3962,435
1958,357
1520,254
83,76
5591,514
5320,451
16,11
127,64
605,197
983,218
332,150
311,174
3807,300
945,258
1173,205
6905,448
401,158
622,222
5100,285
666,206
1122,150
13932,714
1724,219
976,197
214,141
3587,403
836,229
3657,292
1475,163
7051,633
9199,785
6550,471
4614,523
571,181
761,183
1401,138
1976,266
6890,393
664,184
8210,749
12580,715
30,18
11252,667
1776,389
9917,457
1459,223
9681,283
973,205
229,141
22666,1074
4366,525
10325,495
19180,839
9560,659
20656,963
10128,737
24468,1208
3166,278
11791,584
5185,399
253,97
2922,511
750,196
124,53
4720,322
2859,429
11194,614
558,213
765,190
4996,409
2266,363
5417,444
922,175
4379,280
4249,446
623,187
976,253
3883,358
27198,993
7244,601
7901,468
2690,430
38929,1504
24649,1104
7413,600
9762,665
8461,333
18355,984
1114,351
378,200
19094,1314
111,65
24694,1082
21777,1155
7292,474
588,164
17991,916
458,58
3463,499
1586,328
27965,1057
8547,644
1081,177
4163,412
7396,465
34995,1584
3873,503
901,172
3890,328
10219,394
1163,238
3392,200
1905,303
1261,164
154,107
1733,402
2923,408
616,228
66,18
1534,319
5837,239
4084,444
1189,147
2836,382
42,40
15769,735
1672,395
2673,251
76,69
647,210
641,154
101,52
9703,853
10937,778
19479,1201
4603,365
13232,574
16250,767
271,82
6598,431
6005,320
701,218
3028,449
4516,342
77146,1506
1181,254
4838,542
63,42
9426,561
3421,289
996,279
37,20
2581,186
10572,603
40,27
499,190
303,92
170,121
1813,295
4354,249
6434,427
475,124
107,41
11725,635
6190,392
895,224
5463,320
3139,306
180,114
3874,512
5532,308
22430,1096
577,183
22,15
775,143
11505,448
4344,364
2205,290
626,200
324,176
1140,254
836,218
11072,540
97,54
2641,157
300,122
4713,507
22098,990
2698,331
6750,657
1700,337
154,63
8973,699
5643,373
5302,448
7853,558
7337,425
4917,378
3576,525
23186,1037
2169,437
11972,903
6680,521
582,154
140,90
32,14
4228,458
2466,274
864,242
3399,450
3366,581
10621,742
4760,512
51024,1763
5684,426
6010,648
1359,226
349,175
3004,478
16730,907
565,164
41,38
1112,254
48,44
4058,253
780,238
2209,245
499,142
281,74
15760,589
2570,277
1834,377
9390,413
1425,292
13825,717
11402,611
975,270
6946,432
7562,643
1347,195
14130,986
13232,763
138,51
1809,312
4987,283
582,146
10681,562
62,54
150,94
10400,745
2495,204
365,111
50595,1167
3140,327
454,193
77,48
315,154
1877,438
1224,151
9829,489
235,50
2994,263
6697,356
754,154
7921,381
959,215
442,138
7499,662
10,8
8901,632
12100,793
318,75
944,280
398,186
6016,603
6853,466
34900,1100
14762,1303
609,161
142,90
2178,297
126,91
11123,706
10369,600
1537,346
2838,447
8342,397
378,113
418,143
16550,1071
4238,339
149,124
332,171
4901,567
1519,159
6235,653
537,125
1823,352
5072,531
15258,1030
15688,557
3531,350
39,38
526,90
408,171
257,169
5363,584
45971,1384
4503,585
300,157
3188,326
79,48
5882,382
2132,217
408,183
8783,528
1113,202
8523,599
90,46
1694,204
1460,280
9364,558
107,83
284,168
1766,330
616,150
849,215
12324,571
4618,414
7804,516
47,31
3083,187
8709,590
3511,311
615,102
3367,344
2408,220
693,222
2833,390
12,10
57,38
2491,319
472,154
4361,424
1581,274
11064,682
62,42
1727,136
10739,640
7486,567
1583,230
6675,585
93,46
4147,379
4630,485
1277,254
8027,573
16,14
405,107
3307,393
12810,595
2767,260
27801,794
148,95
1142,238
548,200
4932,482
13223,744
1832,373
51537,1271
1909,405
10436,612
445,106
9968,771
10269,793
7318,385
56,46
4472,374
1095,261
5650,509
9236,587
558,152
1876,256
134,74
6369,582
6913,427
1811,369
17164,848
6020,514
550,180
296,109
20819,642
6708,595
873,148
182,73
66,59
2183,309
2088,303
3361,477
2232,331
5211,379
9737,824
94,55
7757,445
1199,262
3782,510
744,163
8758,400
4780,399
1757,394
45,42
3176,443
367,148
11,9
4977,431
1208,203
50,39
8509,376
1121,149
370,137
2441,241
16603,642
4982,486
12988,531
2647,421
842,246
3567,393
43578,1458
6339,677
4295,391
4708,454
15228,701
20337,971
11696,597
305,116
3926,416
3851,483
38253,1491
1079,213
1361,178
12826,850
717,199
763,131
7396,428
61,48
693,113
178,118
841,167
324,104
11655,745
86,46
80,62
284,125
3826,470
614,183
52,41
90,68
963,235
28751,1186
1536,196
467,176
701,189
1170,237
610,213
6099,379
3728,429
4770,415
14855,441
1723,300
1506,263
10177,397
7106,665
864,185
3217,522
3515,353
2848,422
933,193
11608,751
20378,844
7972,405
4047,268
10762,584
1435,224
3155,379
4156,470
2840,212
2075,207
295,102
4811,298
660,248
9231,495
8487,433
4254,268
3989,451
16812,554
136,64
591,205
635,159
5711,564
23978,1104
23335,711
701,232
1300,230
107,51
2219,163
528,154
1534,268
715,187
1816,240
3943,265
31872,885
1673,386
1855,269
3728,238
4704,512
19783,881
2174,314
2110,277
533,143
2784,243
12019,772
2774,328
13344,792
36361,1479
3795,214
7884,562
484,117
3269,338
2548,301
513,130
1236,183
2169,444
908,256
1918,183
5414,292
2088,331
1713,175
5218,269
7341,466
11361,397
11001,817
18605,847
1306,185
5304,498
1319,230
1364,255
631,87
533,126
436,151
667,231
5391,462
7916,426
71,46
50,41
179,59
321,148
780,194
5267,409
833,222
87,59
3725,317
2675,362
3670,163
538,190
13473,782
8141,580
223,161
1274,215
789,245
81,21
12386,775
3802,230
84,58
2945,242
2027,346
13157,905
8899,687
2389,318
1054,264
6555,592
3633,427
3292,210
8412,495
428,172
370,108
11976,483
1340,267
1483,277
560,124
3151,469
27463,1088
16606,696
1186,342
433,247
1976,129
1484,362
2148,244
1063,260
114,64
69,60
193,147
44618,1903
591,258
373,187
15998,802
2972,368
7676,598
10246,607
882,314
2994,284
1105,239
6829,836
106,88
5658,406
25452,676
9014,624
764,185
4512,360
4565,301
4009,371
1215,138
210,128
7750,640
225,77
1320,282
1167,207
21230,750
3769,528
146,62
2358,404
1183,213
7478,775
4043,500
9256,337
24542,870
5446,305
11113,698
139,61
221,48
14054,472
4104,298
10717,644
3464,218
372,147
531,235
95,53
107,87
407,116
1489,312
53906,1532
6603,677
18117,1149
10056,746
1391,201
11121,845
182,87
21836,981
998,197
422,181
8863,528
8458,491
4731,513
4396,428
591,161
7281,771
2943,333
1286,265
4996,456
12749,686
17305,842
3972,455
471,216
2247,322
439,73
3006,456
197,80
10001,470
364,85
3520,429
3535,495
1031,237
7843,708
38,20
10498,555
2727,114
106,73
1625,281
44330,1151
7815,478
22336,1010
19,8
2480,266
2794,211
25436,677
9557,570
9967,525
5314,397
522,204
49,33
8038,270
3919,158
1256,217
14,10
646,134
1867,341
3771,341
126,112
635,174
2558,192
41,35
1216,202
15211,1012
17047,827
10641,536
10366,697
2546,403
1376,268
7093,772
421,158
15896,756
932,164
405,198
999,188
3173,405
1776,300
795,276
10131,595
17919,836
36,27
194,111
9537,665
2772,321
13898,790
830,218
6295,415
1776,307
864,274
1727,291
18889,982
1852,258
140,111
445,168
259,105
52649,1650
965,215
2239,305
584,208
14575,604
24646,942
16703,458
303,96
11201,536
1429,113
137,59
185,73
2364,372
288,119
4048,247
2662,395
27,18
39611,1456
38321,1404
874,272
2077,242
4504,514
13,9
13512,997
10990,471
22771,755
3583,266
72,59
2017,243
1672,371
9593,762
4097,309
7026,436
78,40
5206,545
7408,721
3447,325
435,171
390,88
23683,1076
416,77
10835,571
2083,365
432,164
5252,411
2278,286
2670,149
90,57
62432,1923
460,151
17697,779
5254,340
2926,222
1058,260
4026,509
7277,549
4455,303
144,60
12802,796
287,143
7908,741
8516,515
5329,568
6243,332
7189,543
6035,584
4551,399
17773,550
32674,1428
99,67
2695,262
3618,362
3169,548
647,190
790,220
4211,264
5672,480
19661,1068
1388,264
3204,488
271,126
14725,777
8563,543
5093,503
734,220
82,66
2410,347
1504,296
342,165
176,123
141,80
10850,724
17617,1106
2174,421
22941,1057
8462,745
627,151
1579,292
12748,519
7032,436
520,235
37,27
895,127
665,169
1342,226
108,87
2728,442
153,132
301,101
4041,297
2692,301
54,44
1187,232
10984,578
96,66
11611,901
31,29
1780,163
641,56
1928,288
2996,346
6003,599
168,99
1555,340
7905,707
617,146
6738,364
11862,923
1487,209
10033,483
8514,710
1806,126
4752,483
7174,571
1072,94
18664,1052
25231,1080
4002,460
4693,473
904,249
1382,313
945,236
476,133
3513,326
753,180
144,60
7523,612
1855,310
4865,316
4357,531
8883,455
7211,751
17570,900
31,20
1276,328
35471,877
1210,212
123,107
345,157
8014,522
1034,237
514,136
1178,279
779,227
1289,289
6231,368
829,209
1103,230
906,209
13305,627
3633,496
215,85
3388,434
8907,757
3825,331
237,94
390,54
93,50
5017,254
1170,325
18400,477
2930,338
234,125
11413,434
2045,301
879,282
144,74
8169,534
5122,520
6855,547
420,69
50836,1438
2827,258
216,106
4058,518
58,54
23984,1020
872,150
3723,527
226,118
5357,424
597,182
1746,364
1393,281
19851,799
3624,520
664,172
3305,453
17519,630
1975,361
1936,420
5077,580
2425,274
937,210
1754,275
4508,354
13072,492
13478,651
700,75
2599,341
999,144
1144,272
6055,519
9273,810
4485,342
8530,607
7592,530
20200,646
580,132
1259,240
185,115
11018,781
4697,476
222,55
4892,486
9051,805
26338,1554
863,116
23420,849
1906,265
859,222
1411,196
294,191
48,29
13768,290
5835,505
85454,1486
155,56
97,65
827,219
2239,364
2754,254
729,163
4311,290
15135,698
1926,305
6554,346
8654,608
7096,495
5534,456
2271,344
77,50
3189,241
6517,436
6036,556
3118,235
230,150
3020,323
3445,455
7660,715
26201,1228
107,67
39327,1158
5602,500
254,117
3175,520
1451,348
64,48
4349,223
25614,1461
24207,617
7589,358
457,148
17258,525
75,47
5286,483
462,136
7417,589
3970,420
857,234
346,99
29,25
23,23
39381,1431
51588,1300
205,111
4575,394
673,168
4888,362
12462,551
7281,539
5015,408
1550,252
162,85
9622,337
6166,425
109,49
4829,345
78,42
12495,515
272,115
253,135
7099,304
6690,252
898,119
56,48
12,10
11093,738
2772,436
2939,394
13937,583
1916,391
386,99
77,45
1052,273
175,97
131,86
3634,408
5548,320
3858,494
2728,309
19923,814
157,134
1337,300
21413,1160
75,58
2261,360
37802,1264
9684,411
47706,1897
3983,495
23,19
182,87
773,222
13506,819
10179,514
1393,189
2790,372
7422,440
583,188
228,91
3559,400
5410,566
3292,255
1789,392
559,219
482,151
6747,455
24422,1160
3942,512
5079,445
989,268
1298,305
2695,394
21108,747
14632,799
9177,586
3051,302
101,72
359,114
687,243
33203,1127
2443,101
552,138
2052,140
3043,362
3562,461
2881,266
184,74
1663,213
542,178
8216,735
2854,418
16773,742
6505,537
4000,657
7054,439
716,145
1468,183
11319,798
191,45
291,164
2807,415
2511,374
2630,260
952,238
1825,316
7232,523
9740,503
3773,413
283,161
1831,340
41820,1447
2535,181
2709,500
6842,385
39090,1277
2441,146
955,246
175,83
636,207
4077,458
4332,395
3205,213
2139,252
1554,294
5046,522
3278,365
5331,381
485,143
1143,207
19594,963
3650,371
2122,208
20292,981
1636,268
30234,738
4991,434
399,60
5008,407
19704,1031
1549,304
9616,703
1689,267
2498,260
13023,671
23802,1150
13845,703
3461,367
462,191
19529,1136
304,133
13371,794
453,97
14270,770
16747,498
2481,344
18328,824
1935,143
11474,479
24500,1029
1379,325
610,257
228,107
8231,489
5860,413
52,24
2486,365
352,143
9218,848
17954,960
506,208
16489,671
1331,108
25375,933
11039,557
674,208
102,55
7725,338
5791,408
2084,549
17990,1175
6672,551
2752,534
2428,382
2346,355
5900,268
1754,380
3872,299
358,121
2390,335
13652,954
1332,240
5162,469
9590,661
2201,362
17882,907
1138,142
19045,934
883,229
2946,353
28813,793
3317,260
5714,471
1308,285
963,263
551,120
192,42
1011,189
4189,444
1474,167
935,246
19692,775
1282,315
414,202
9056,630
11864,980
19670,932
743,123
3451,215
14719,516
3475,550
3675,280
1318,309
28636,970
1934,194
1898,200
2786,463
1716,255
247,96
2235,204
1374,346
4648,327
8095,601
2608,303
6253,541
9785,1127
1875,261
6635,420
866,216
1822,269
6547,580
1298,174
5537,574
74,39
429,178
474,191
8583,580
4985,399
2009,256
1777,315
2112,283
12808,720
1647,330
2110,133
10444,519
3652,247
66,51
8016,645
9918,598
392,147
4575,438
207,59
374,138
97,82
132,110
5951,278
5515,499
12918,910
8458,553
263,158
8710,804
4626,226
15379,780
338,150
1361,289
296,148
728,284
28649,921
2668,334
7123,379
2641,320
6481,466
21013,1484
114,89
12166,488
363,131
8924,657
8469,524
10251,347
12986,603
9119,931
5685,511
1226,268
8952,740
478,185
13859,617
5351,426
145,92
5609,269
317,102
390,99
3479,313
1563,194
2481,418
7984,559
7278,667
15864,1015
1899,473
881,198
2399,252
11203,864
6413,359
7121,436
23950,1001
797,237
114,66
1359,227
1471,268
27107,797
133,118
713,228
12,8
42,30
784,216
18503,818
16742,1010
5704,363
883,207
31,25
699,206
13143,389
199,133
14696,661
49571,1141
1458,329
1010,130
4275,266
672,160
6065,521
782,166
906,225
58,51
1867,372
1033,218
4467,515
12443,815
45,44
1276,247
13375,561
2436,355
4182,440
6891,448
14144,1215
3035,380
10264,661
4400,600
17140,743
40,37
199,140
2272,313
1580,221
3942,291
146,78
3437,292
7508,282
4744,422
3450,140
174,120
2892,444
14666,763
3603,240
18475,674
23455,948
19051,887
971,244
67,63
161274,1663
8344,474
191,124
497,217
10327,750
40,35
28148,963
929,210
328,196
4774,332
3246,315
11706,710
478,155
66,65
6734,435
190,68
2284,321
7623,811
285,116
2204,454
9175,768
37,16
757,206
1725,289
7323,333
11218,504
3584,360
3354,335
87,47
714,186
1760,177
3371,313
3282,236
21434,1151
4893,523
9625,674
77393,1426
2158,290
78,68
2387,471
6953,534
5597,496
504,112
49,42
50329,1479
281,122
43,36
38,32
2027,319
3279,463
13453,680
10956,647
3649,494
429,103
4244,454
162,50
1956,264
494,159
3295,338
39,27
15149,1021
2296,169
9922,524
346,107
5491,323
1989,318
256,113
2042,278
16320,838
2001,311
1741,385
8406,498
686,209
1222,237
2790,320
2792,221
849,220
2149,315
130,70
6971,397
1646,325
1182,337
9714,924
3604,391
152,85
144,61
248,104
5870,392
87,74
14279,1067
1575,285
1358,284
6762,589
3714,185
9471,563
227,103
729,223
32,23
58,50
625,188
2964,293
2353,189
283,136
19098,1129
1308,132
282,78
1437,325
1283,276
738,198
5499,247
1997,290
1768,134
1863,292
8301,422
6558,581
105,95
87,81
12,8
3880,455
2550,237
146,110
23888,1088
891,239
9357,551
781,139
11508,600
471,147
667,172
259,85
903,270
10443,600
85,32
4911,753
48756,886
1190,301
562,130
708,181
288,158
4438,509
2903,418
3615,523
434,151
4635,313
589,148
188,78
1209,248
30899,621
3324,379
15135,676
2786,365
5998,594
30,14
25552,881
5594,406
4448,314
200,105
11718,702
2155,275
5468,566
10964,432
530,142
4447,199
54339,1805
4449,376
15968,894
4532,381
890,207
315,74
105,75
11078,550
959,320
20345,906
22,14
117,58
5500,336
5245,270
2407,464
420,209
163,127
6455,223
8791,419
17420,889
2240,188
317,150
8061,693
1031,232
5516,344
2480,430
38,36
5309,502
647,192
258,78
4676,447
10670,750
3734,393
1455,147
7337,482
4660,546
667,212
105,68
20271,1135
15376,630
248,172
8084,511
1120,182
2918,322
225,163
48309,1048
6400,571
504,199
6312,348
1211,262
5999,454
13331,781
88,43
921,255
2807,274
3082,134
188,84
7117,587
311,75
7418,645
567,127
28430,1163
220,105
2671,330
12246,1041
2322,292
4822,439
4907,289
8660,626
6433,470
90,50
401,141
602,225
2171,245
2257,351
114,64
1226,262
60,37
1054,269
5750,304
21526,919
22087,995
1022,276
5360,386
5908,476
1329,372
1874,402
3361,489
2231,398
544,152
458,156
1341,324
6312,480
11251,460
2965,289
2949,392
1029,179
396,178
1265,368
6565,420
813,292
77,46
1491,343
144,106
32,32
1474,285
6244,652
4382,431
7315,432
2772,421
21099,1389
2174,335
14229,564
21846,469
927,264
4956,442
1000,237
7339,493
2426,261
4713,591
43,38
4700,467
1458,297
1430,267
9527,743
63346,1542
2781,475
1877,255
4408,381
387,179
18695,1252
402,169
333,124
52,7
33026,1375
591,104
543,164
2209,462
1453,304
6221,421
4497,505
275,74
41,23
2457,410
8889,534
165,103
10194,596
15,11
14742,751
3756,348
1865,153
3104,180
56155,1005
4965,389
45,37
1957,224
1817,298
6361,586
5627,432
13180,624
23750,1035
1087,273
825,186
8528,647
181,45
3126,475
9137,666
4817,441
1115,261
2736,446
216,125
3322,378
33777,972
187,82
17751,965
1754,207
3001,216
508,92
173,106
12539,350
3552,368
1987,270
10931,544
183,93
5215,380
174,58
2393,223
1353,242
477,162
582,208
721,213
17950,890
566,160
5965,291
560,265
9901,502
622,173
739,201
225,74
1029,317
